Show,Subreddit Comments in last year
One Piece,1760582
House of the Dragon,766147
Better Call Saul,631652
Stranger Things,563321
The Office,527085
The Boys,412644
The Sopranos,403362
How I Met Your Mother,379908
Seinfeld,330527
It's Always Sunny in Philadelphia,326437
Game of Thrones,245551
The Walking Dead,240432
The Lord of the Rings: The Rings of Power,233213
The Simpsons,228509
The Witcher,216264
Breaking Bad,211287
Euphoria,199204
Rick and Morty,190362
Buffy the Vampire Slayer,145917
South Park,145356
Attack on Titan,144397
Grey's Anatomy,133079
Doctor Who,131527
Severance,127359
Community,105302
Friends,99797
The White Lotus,94963
Westworld,93456
The Last of Us,80894
The Handmaid's Tale,77312
The Wire,73188
Succession,72075
The Flash,67935
Supernatural,67334
Peaky Blinders,67032
Family Guy,66451
Lost,61948
Shameless,53692
Parks and Recreation,53171
American Horror Story,46331
Ozark,45211
Law & Order: Special Victims Unit,42750
Only Murders in the Building,38880
Yellowstone,36407
New Girl,35551
The Big Bang Theory,34524
Outlander,33994
The X-Files,32456
Modern Family,31568
Yellowjackets,31014
Lucifer,30244
Criminal Minds,29205
Ted Lasso,28189
The Last Kingdom,26794
Teen Wolf,26199
The Blacklist,26112
You,25171
Fear the Walking Dead,24929
The Crown,22793
Andor,22763
Star Trek: Picard,20624
Servant,18913
House M.D.,18894
The Mandalorian,17942
Black Mirror,15448
That '70s Show,15248
Manifest,14689
Alice in Borderland,14322
Vikings: Valhalla,13411
Vikings,13384
Ginny & Georgia,12212
Suits,11118
Chicago Fire,10907
The Bear,10801
The Rookie,10776
C.B. Strike,10491
That '90s Show,9896
Chicago P.D.,9200
ER,9064
Bones,8597
Physical: 100,8313
NCIS,8098
Wednesday,8064
His Dark Materials,8017
Abbott Elementary,7995
True Detective,7642
Young Sheldon,7438
Star Wars: The Bad Batch,7055
The Peripheral,6813
1923,6480
Sex Education,5830
Narcos,5001
Star Trek: The Next Generation,4961
How I Met Your Father,4841
The Good Doctor,4400
Ghosts,4304
9-1-1: Lone Star,4224
Fargo,4214
New Amsterdam,3838
Castle,3738
Two and a Half Men,3655
Outer Banks,3595
Velma,3175
Blue Bloods,3151
The Chosen,2729
Happy Valley,2723
La Brea,2702
Mayfair Witches,2380
Tulsa King,1936
Clarkson's Farm,1762
Jack Ryan,1755
Midsomer Murders,1568
Slow Horses,1531
Your Honor,1443
Death in Paradise,1253
The Legend of Vox Machina,1249
Hunters,848
Reacher,768
Fauda,755
Fire Country,571
Mayor of Kingstown,550
The Sinner,515
The Recruit,497
Carnival Row,402
Shrinking,378
Poker Face,353
Magnum P.I.,295
Why Women Kill,235
Extraordinary,229
Will Trent,228
Wolf Pack,164
Accused,136
FBI,88
The Ark,25
Not Dead Yet,8
The Gold,0
Farzi,0
Lockwood & Co,0
Better,0
Red Rose,0
The Law According to Lidia Poet,0
Cunk on Earth,0
Vera,0
Hello Tomorrow!,0
Law & Order,0
National Treasure: Edge of History,0
Dear Edward,0
Animal Control,0
Full Swing,0
Funny Woman,0